,mAP@50:95,mAP@50,mAP@75,mAP_s,mAP_m,mAP_l,delta_mAP@50:95,delta_mAP@50,delta_mAP@75,delta_mAP_s,delta_mAP_m,delta_mAP_l,Model Checkpoint,Parent Checkpoint,KNK scale,lambda kd,lambda score,loss weight
Key frame,0.483,0.807,,,,,,,,,,,models/kndetr_mot17_old.pth,,--,,,
,,,,,,,,,,,,,,,,,,
Level 0 K,0.483,0.807,,,,,,,,,,,output/phase1_mot17_level0/01_506_823.pth,,--,,,
Level 0 NK,0.506,0.823,,,,,,,,,,,output/phase1_mot17_level0/01_506_823.pth,,--,,,
,,,,,,,,,,,,,,,,,,
Level 1 K,0.4822,0.8091,0.5125,0.0883,0.335,0.6211,-0.0005,-0.0047,0.0073,-0.0127,0.0124,-0.0075,,,--,,,
Level 1 NK,0.4822,0.8025,0.5221,0.0644,0.3649,0.608,,,,,,,output/phase1_mot17_level1_v2/05_482_802.pth,output/phase1_mot17_level0/01_506_823.pth,--,0,15,1:7
Level 1 Combined,0.4817,0.8044,0.5198,0.0756,0.3474,0.6136,,,,,,,output/phase1_mot17_level1_v2/05_482_802.pth,output/phase1_mot17_level0/01_506_823.pth,1.03,,,
Level 1 NK (baseline),0.4448,0.7831,0.4627,0.0642,0.3113,0.5723,0.0374,0.0194,0.0594,0.0002,0.0536,0.0357,--,,,,,
Level 1 Combined (baseline),0.4632,0.7968,0.4872,0.0772,0.3229,0.5959,0.0185,0.0076,0.0326,-0.0016,0.0245,0.0177,--,,,,,
,,,,,,,,,,,,,,,,,,
Skip 1 K,0.4817,0.8096,0.5113,0.0932,0.3338,0.6212,-0.0022,-0.0063,0.0072,-0.0154,0.0102,-0.0081,,,--,,,
Skip 1 NK,0.4776,0.7951,0.5166,0.0679,0.3539,0.6065,,,,,,,output/phase1_mot17_skip1_v2/06_477_794.pth,output/phase1_mot17_level1/07_478_791.pth,--,0,10,1:9
Skip 1 Combined,0.4795,0.8033,0.5185,0.0778,0.344,0.6131,,,,,,,output/phase1_mot17_skip1_v2/06_477_794.pth,output/phase1_mot17_level1/07_478_791.pth,1.05,,,
Skip 1 NK (baseline),0.4066,0.7514,0.4038,0.0487,0.2915,0.5196,0.071,0.0437,0.1128,0.0192,0.0624,0.0869,--,,,,,
Skip 1 Combined (baseline),0.4429,0.7811,0.4559,0.0678,0.3122,0.568,0.0366,0.0222,0.0626,0.01,0.0318,0.0451,--,,,,,
,,,,,,,,,,,,,,,,,,
Skip 2 K,0.482,0.8096,0.5147,0.0887,0.3352,0.6203,-0.012,-0.024,-0.0091,-0.017,0.0134,-0.022,,,--,,,
Skip 2 NK,0.47,0.7856,0.5056,0.0717,0.3486,0.5983,,,,,,,output/phase1_mot17_skip2_v2/08_469_785.pth,output/phase1_mot17_skip1/07_474_792.pth,--,0,10,1:9
Skip 2 Combined,0.4746,0.7965,0.5118,0.0793,0.3409,0.6076,,,,,,,output/phase1_mot17_skip2_v2/08_469_785.pth,output/phase1_mot17_skip1/07_474_792.pth,1.05,,,
Skip 2 NK (baseline),0.3642,0.7229,0.3352,0.0422,0.2708,0.4604,0.1058,0.0627,0.1704,0.0295,0.0778,0.1379,--,,,,,
Skip 2 Combined (baseline),0.4207,0.7668,0.4215,0.0648,0.3021,0.5352,0.0539,0.0297,0.0903,0.0145,0.0388,0.0724,--,,,,,
,,,,,,,,,,,,,,,,,,
Skip 3 K,0.4832,0.811,0.5134,0.0851,0.336,0.6214,-0.0121,-0.0159,-0.0085,-0.0177,0.003,-0.0208,,,,,,
Skip 3 NK,0.4611,0.7793,0.4923,0.0542,0.3489,0.5841,,,,,,,output/phase1_mot17_skip3_v2/02_461_779.pth,output/phase1_mot17_skip2/07_467_774.pth,,,,
Skip 3 Combined,0.4711,0.7951,0.5049,0.0674,0.339,0.6006,,,,,,,output/phase1_mot17_skip3_v2/02_461_779.pth,output/phase1_mot17_skip2/07_467_774.pth,1.04,100,10,1:9
Skip 3 NK (baseline),0.3249,0.6824,0.2803,0.0344,0.2518,0.404,0.1362,0.0969,0.212,0.0198,0.0971,0.1801,,,,,,
Skip 3 Combined (baseline),0.3985,0.7463,0.3898,0.0552,0.2926,0.5034,0.0726,0.0488,0.1151,0.0122,0.0464,0.0972,,,,,,
,,,,,,,,,,,,,,,,,,
Skip 4 K,0.4871,0.8143,0.5156,0.0997,0.3366,0.6258,-0.0194,-0.0237,-0.0163,-0.0194,-0.0033,-0.0271,,,,,,
Skip 4 NK,0.4515,0.7696,0.4781,0.0666,0.3357,0.5764,,,,,,,--,output/phase1_mot17_skip3_v2/02_461_779.pth,1.04,150,10,1:9
Skip 4 Combined,0.4677,0.7906,0.4993,0.0803,0.3333,0.5987,,,,,,,--,output/phase1_mot17_skip3_v2/02_461_779.pth,,,,
Skip 4 NK (baseline),0.2927,0.6474,0.239,0.0341,0.2379,0.3567,0.1588,0.1222,0.2391,0.0325,0.0978,0.2197,,,,,,
Skip 4 Combined (baseline),0.3818,0.7288,0.3647,0.0603,0.2852,0.4777,0.0859,0.0618,0.1346,0.02,0.0481,0.121,,,,,,
,,,,,,,,,,,,,,,,,,
Skip 5 K,0.4852,0.8098,0.5214,0.0914,0.3394,0.6232,-0.0214,-0.024,-0.0275,-0.0206,-0.0046,-0.0307,,,,,,
Skip 5 NK,0.4457,0.7665,0.4644,0.0539,0.3333,0.5658,,,,,,,output/phase1_mot17_skip5_v2/03_445_766.pth,--,1.04,200,0,1:9
Skip 5 Combined,0.4638,0.7858,0.4939,0.0708,0.3348,0.5925,,,,,,,output/phase1_mot17_skip5_v2/03_445_766.pth,--,,,,
Skip 5 NK (baseline),0.2641,0.613,0.2055,0.021,0.2286,0.3168,0.1816,0.1535,0.2589,0.0329,0.1047,0.249,,,,,,
Skip 5 Combined (baseline),0.3649,0.7092,0.3458,0.0487,0.2809,0.4532,0.0989,0.0766,0.1481,0.0221,0.0539,0.1393,,,,,,
,,,,,,,,,,,,,,,,,,
Skip 6 K,0.4841,0.809,0.5127,0.1027,0.3373,0.6241,-0.027,-0.0255,-0.0333,-0.0282,-0.0078,-0.0402,,,,,,
Skip 6 NK,0.434,0.7589,0.4436,0.0494,0.3287,0.5487,,,,,,,output/phase1_mot17_skip6_v2/03_434_758.pth,output/phase1_mot17_skip5_v2/03_445_766.pth,1.04,200,5,1:9
Skip 6 Combined,0.4571,0.7835,0.4794,0.0745,0.3295,0.5839,,,,,,,output/phase1_mot17_skip6_v2/03_434_758.pth,output/phase1_mot17_skip5_v2/03_445_766.pth,,,,
,,,,,,,,,,,,,,,,,,
Skip 7 K,0.4837,0.813,0.511,0.1083,0.3386,0.6193,-0.0307,-0.0299,-0.0338,-0.0339,-0.01,-0.0421,,,,,,
Skip 7 NK,0.4264,0.7529,0.4393,0.0419,0.3232,0.5417,,,,,,,output/phase1_mot17_skip7/03_426_753.pth,output/phase1_mot17_skip6_v2/03_434_758.pth,1.05,200,5,1:9
Skip 7 Combined,0.453,0.7831,0.4772,0.0744,0.3286,0.5772,,,,,,,output/phase1_mot17_skip7/03_426_753.pth,output/phase1_mot17_skip6_v2/03_434_758.pth,,,,
,,,,,,,,,,,,,,,,,,
Skip 8 K,0.4806,0.8018,0.5139,0.0734,0.3325,0.6201,-0.0333,-0.0328,-0.0361,-0.0065,-0.0128,-0.044,,,,,,
Skip 8 NK,0.4181,0.7374,0.4398,0.069,0.3127,0.5369,,,,,,,output/phase1_mot17_skip8/05_417_736.pth,--,1.05,200,5,1:9
Skip 8 Combined,0.4473,0.769,0.4778,0.0669,0.3197,0.5761,,,,,,,output/phase1_mot17_skip8/05_417_736.pth,--,,,,
,,,,,,,,,,,,,,,,,,
Skip 9 K,0.4855,0.8136,0.507,0.147,0.3314,0.6216,-0.0362,-0.0362,-0.0423,-0.0478,-0.0109,-0.0447,,,,,,
Skip 9 NK,0.4188,0.746,0.4199,0.0659,0.3201,0.5366,,,,,,,output/phase1_mot17_skip9/04_418_746.pth,--,1.05,200,5,1:9
Skip 9 Combined,0.4493,0.7774,0.4647,0.0992,0.3205,0.5769,,,,,,,output/phase1_mot17_skip9/04_418_746.pth,--,,,,
,,,,,,,,,,,,,,,,,,
Skip 10 K,0.4879,0.8143,0.5117,0.0996,0.3415,0.629,-0.0411,-0.0444,-0.0468,-0.0214,-0.0206,-0.0536,,,,,,
Skip 10 NK,0.4089,0.7272,0.4178,0.0684,0.3072,0.5257,,,,,,,output/phase1_mot17_skip10/02_409_727.pth,output/phase1_mot17_skip9/04_418_746.pth,1.04,200,5,1:9
Skip 10 Combined,0.4468,0.7699,0.4649,0.0782,0.3209,0.5754,,,,,,,output/phase1_mot17_skip10/02_409_727.pth,output/phase1_mot17_skip9/04_418_746.pth,,,,
,,,,,,,,,,,,,,,,,,
Skip 11 K,0.4872,0.8137,0.5238,0.0808,0.3474,0.6204,-0.0487,-0.0473,-0.0611,-0.0111,-0.0256,-0.0639,,,,,,
Skip 11 NK,0.3919,0.7177,0.3972,0.0686,0.3033,0.4964,,,,,,,output/phase1_mot17_skip11/06_391_717.pth,output/phase1_mot17_skip10/02_409_727.pth,1.04,200,5,1:9
Skip 11 Combined,0.4385,0.7664,0.4627,0.0697,0.3218,0.5565,,,,,,,output/phase1_mot17_skip11/06_391_717.pth,output/phase1_mot17_skip10/02_409_727.pth,,,,
,,,,,,,,,,,,,,,,,,
Skip 12 K,0.4802,0.8129,0.5097,0.0736,0.3369,0.6142,-0.0436,-0.045,-0.0533,-0.0166,-0.0169,-0.0569,,,,,,
Skip 12 NK,0.3937,0.7215,0.3954,0.0635,0.3083,0.4994,,,,,,,output/phase1_mot17_skip12/01_392_723.pth,output/phase1_mot17_skip11/06_391_717.pth,1.05,250,5,1:9
Skip 12 Combined,0.4366,0.7679,0.4564,0.057,0.32,0.5573,,,,,,,output/phase1_mot17_skip12/01_392_723.pth,output/phase1_mot17_skip11/06_391_717.pth,,,,
,,,,,,,,,,,,,,,,,,
Skip 13 K,0.4873,0.8166,0.5169,0.1216,0.3405,0.6248,-0.0505,-0.0509,-0.0595,-0.0317,-0.0273,-0.0631,,,,,,
Skip 13 NK,0.3912,0.7177,0.3968,0.0761,0.2908,0.5034,,,,,,,output/phase1_mot17_skip13/07_391_717.pth,output/phase1_mot17_skip12/01_392_723.pth,1.05,250,5,1:9
Skip 13 Combined,0.4368,0.7657,0.4574,0.0899,0.3132,0.5617,,,,,,,output/phase1_mot17_skip13/07_391_717.pth,output/phase1_mot17_skip12/01_392_723.pth,,,,
,,,,,,,,,,,,,,,,,,
Skip 14 K,0.4917,0.8139,0.5173,0.0882,0.3434,0.6259,-0.0532,-0.0509,-0.0648,-0.008,-0.0265,-0.0634,,,,,,
Skip 14 NK,0.3875,0.7159,0.3798,0.1024,0.2965,0.4965,,,,,,,output/phase1_mot17_skip14/04_387_715.pth,output/phase1_mot17_skip13/07_391_717.pth,1.05,300,5,1:9
Skip 14 Combined,0.4385,0.763,0.4525,0.0802,0.3169,0.5625,,,,,,,output/phase1_mot17_skip14/04_387_715.pth,output/phase1_mot17_skip13/07_391_717.pth,,,,
,,,,,,,,,,,,,,,,,,
Skip 15 K,0.4832,0.8115,0.5098,0.1417,0.3295,0.621,-0.0547,-0.0606,-0.0642,-0.0326,-0.0214,-0.0716,,,,,,
Skip 15 NK,0.3734,0.687,0.3764,0.0967,0.2927,0.4715,,,,,,,output/phase1_mot17_skip14/04_387_715.pth,output/phase1_mot17_skip13/07_391_717.pth,--,--,--,--
Skip 15 Combined,0.4285,0.7509,0.4456,0.1091,0.3081,0.5494,,,,,,,output/phase1_mot17_skip14/04_387_715.pth,output/phase1_mot17_skip13/07_391_717.pth,,,,
,,,,,,,,,,,,,,,,,,
Skip 16 K,0.4906,0.8901,0.5207,0.0959,0.3336,0.6352,-0.0613,-0.1354,-0.0856,-0.0298,-0.0221,-0.085,,,,,,
Skip 16 NK,0.3696,0.7013,0.3469,0.0471,0.2969,0.4604,,,,,,,output/phase1_mot17_skip16/05_369_701.pth,output/phase1_mot17_skip14/04_387_715.pth,1.04,300,5,1:9
Skip 16 Combined,0.4293,0.7547,0.4351,0.0661,0.3115,0.5502,,,,,,,output/phase1_mot17_skip16/05_369_701.pth,output/phase1_mot17_skip14/04_387_715.pth,,,,
,,,,,,,,,,,,,,,,,,
Skip 17 K,0.4856,0.8036,0.5154,0.0975,0.339,0.6306,-0.058,-0.0554,-0.0673,-0.0221,-0.0281,-0.0818,,,,,,
Skip 17 NK,0.3736,0.6883,0.3772,0.0705,0.2888,0.4718,,,,,,,output/phase1_mot17_skip16/05_369_701.pth,output/phase1_mot17_skip14/04_387_715.pth,1.05,300,5,1:9
Skip 17 Combined,0.4276,0.7482,0.4481,0.0754,0.3109,0.5488,,,,,,,output/phase1_mot17_skip16/05_369_701.pth,output/phase1_mot17_skip14/04_387_715.pth,,,,
,,,,,,,,,,,,,,,,,,
*lr changes from 1e-4 to 5e-5 after (including) skip 6,,,,,,,,,,,,,,,,,,